{
    "deflections": {
        "AX": 0.0,
        "CDD": 0.0,
        "H1": 0.0,
        "H2": 0.0,
        "L1": 0.0,
        "L2": 0.0
    },
    "gains": {
        "AX": 1.0235561,
        "CDD": 0.0,
        "H1": 1.0,
        "H2": 1.0113251,
        "L1": 1.0186736,
        "L2": 1.0257682
    },
    "settings": [],
    "spectrometer": {}
}